20241234, John, Smith, M, 1998-09-15, 123-45-6789
20241235, Emily, Johnson, F, 1999-02-28, 234-56-7890
20241236, Alexander, Garcia, M, 1998-11-01, 345-67-8901
20241237, Sophia, Brown, F, 1999-05-14, 456-78-9012
20241238, William, Davis, M, 2000-03-08, 567-89-0123
20241239, Olivia, Hernandez, F, 1998-06-19, 678-90-1234
20241240, Ethan, Martinez, M, 1999-01-23, 789-01-2345
20241241, Ava, Miller, F, 1998-10-04, 890-12-3456
20241242, Jacob, Jackson, M, 2000-08-02, 901-23-4567
20241243, Mia, Johnson, F, 1999-12-11, 012-34-5678
20241244, Ethan, Thomas, M, 1998-07-27, 123-45-6789
20241245, Isabella, Baker, F, 2000-04-20, 234-56-7890
20241246, Daniel, White, M, 1999-03-16, 345-67-8901
20241247, Grace, Harris, F, 1998-12-03, 456-78-9012
20241248, James, Martin, M, 2000-09-05, 567-89-0123
